GROUP,PACKAGE,CLASS,INSTRUCTION_MISSED,INSTRUCTION_COVERED,BRANCH_MISSED,BRANCH_COVERED,LINE_MISSED,LINE_COVERED,COMPLEXITY_MISSED,COMPLEXITY_COVERED,METHOD_MISSED,METHOD_COVERED
ce204_hw4,ce204_hw4_lib.reservation,ConsoleOutput,0,18,0,0,0,5,0,4,0,4
ce204_hw4,ce204_hw4_lib.reservation,User,0,22,0,0,0,5,0,2,0,2
ce204_hw4,ce204_hw4_lib.reservation,ConsoleOutputCapturer,0,36,0,0,0,11,0,4,0,4
ce204_hw4,ce204_hw4_lib.reservation,ReservationManager,0,53,0,2,0,15,0,7,0,6
ce204_hw4,ce204_hw4_app,Main,0,17,0,0,0,5,0,3,0,3
ce204_hw4,ce204_hw4_app,App,0,70,0,2,0,22,0,9,0,8
ce204_hw4,ce204_hw4_app.Menus,MainMenu,0,59,0,4,0,23,0,5,0,2
ce204_hw4,ce204_hw4_app.Menus,VendorMenu,0,297,3,15,0,83,3,11,0,4
ce204_hw4,ce204_hw4_app.Menus,UserMenu,0,440,1,21,0,120,1,16,0,4
ce204_hw4,ce204_hw4_app.Menus,Menu,0,10,0,0,0,4,0,1,0,1
ce204_hw4,ce204_hw4_lib.payment,PayPalPaymentProcessor,0,30,0,0,0,6,0,2,0,2
ce204_hw4,ce204_hw4_lib.payment,CreditCardPaymentStrategy,0,28,0,0,0,7,0,2,0,2
ce204_hw4,ce204_hw4_lib.payment,CreditCardPaymentProcessor,0,26,0,0,0,8,0,2,0,2
ce204_hw4,ce204_hw4_lib.payment,CashPaymentStrategy,0,16,0,0,0,3,0,2,0,2
ce204_hw4,ce204_hw4_lib.payment,PayPalPaymentStrategy,0,22,0,0,0,5,0,2,0,2
ce204_hw4,ce204_hw4_lib.payment,Reservation,0,11,0,0,0,5,0,2,0,2
ce204_hw4,ce204_hw4_lib.rentCar,SportsCar,0,30,0,0,0,4,0,2,0,2
ce204_hw4,ce204_hw4_lib.rentCar,Car,0,38,0,0,0,15,0,8,0,8
ce204_hw4,ce204_hw4_lib.rentCar,Vendor,0,87,1,7,0,27,1,12,0,9
ce204_hw4,ce204_hw4_lib.rentCar,LuxuryCar,0,30,0,0,0,4,0,2,0,2
ce204_hw4,ce204_hw4_lib.rentCar,EconomicCar,0,30,0,0,0,4,0,2,0,2
ce204_hw4,ce204_hw4_lib.rentCar,SUVCar,0,30,0,0,0,4,0,2,0,2
ce204_hw4,ce204_hw4_lib.rentCar,CarFactory,0,51,0,5,0,13,0,6,0,2
